{
  "weights": {
    "ner": 0.1621334385,
    "specific words": 0.02987648162,
    "loanwords": 0.1555681428,
    "lexical repetitions": 0.07370519761,
    "antonyms": 0.02989766824,
    "numerals": 0.1678753404,
    "phraseological units": 0.02678581843,
    "imperative": 0.2058984718,
    "adjectives": 0.07182808343,
    "passiv voice": 0.0764313572
  },
  "colors": [
    "#efbbcc",
    "#c7ddc7",
    "#d2e2ec",
    "#b3cbdd",
    "#dbff4c",
    "#ff99ff",
    "#ccccff",
    "#C6E2FF",
    "#8FFF33",
    "#FF3385"
  ],
  "threshold": 0.8
}
